{
  "Name": "Binbin Balances - Uncommon Items",
  "Author": "Binbin",
  "Description": "Uncommon Item reworks.",
  "Version": "1.0",
  "Date": 20241116,
  "Link": "https://thunderstore.io/c/across-the-obelisk/p/Binbin/Unofficial_AtO_Balance_Patch/",
  "Dependencies": [
  "stiffmeds-Obeliskial_Content-1.1.0"
  ],
  "ContentFolder": "Binbin Balances - Uncommon Items",
  "Priority": 100,
  "Type": [
      "card",
      "sprite"
  ],
  "Comment": "Any additional comments.",
  "Enabled": true
}