{
    "AcEnergyBonus": "",
    "AcEnergyBonus2": "",
    "AcEnergyBonusQuantity": 0,
    "AcEnergyBonus2Quantity": 0,
    "AddCard": 0,
    "AddCardChoose": 0,
    "AddCardCostTurn": false,
    "AddCardFrom": "Deck",
    "AddCardId": "",
    "AddCardList": [],
    "AddCardPlace": "Discard",
    "AddCardReducedCost": 0,
    "AddCardType": "None",
    "AddCardTypeAux": [],
    "AddCardVanish": false,
    "Aura": "",
    "Aura2": "",
    "Aura3": "",
    "AuraCharges": 0,
    "AuraChargesSpecialValue1": false,
    "AuraChargesSpecialValue2": false,
    "AuraChargesSpecialValueGlobal": false,
    "AuraCharges2": 0,
    "AuraCharges2SpecialValue1": false,
    "AuraCharges2SpecialValue2": false,
    "AuraCharges2SpecialValueGlobal": false,
    "AuraCharges3": 0,
    "AuraCharges3SpecialValue1": false,
    "AuraCharges3SpecialValue2": false,
    "AuraCharges3SpecialValueGlobal": false,
    "AuraSelf": "",
    "AuraSelf2": "",
    "AuraSelf3": "",
    "AutoplayDraw": false,
    "AutoplayEndTurn": false,
    "BaseCard": "jinglebell",
    "CardClass": "Item",
    "CardName": "Jingle Bell",
    "CardNumber": 0,
    "CardRarity": "Uncommon",
    "CardType": "Accesory",
    "CardTypeAux": [],
    "CardTypeList": [],
    "CardUpgraded": "B",
    "Corrupted": false,
    "Curse": "",
    "Curse2": "",
    "Curse3": "",
    "CurseCharges": 0,
    "CurseChargesSpecialValue1": false,
    "CurseChargesSpecialValue2": false,
    "CurseChargesSpecialValueGlobal": false,
    "CurseCharges2": 0,
    "CurseCharges2SpecialValue1": false,
    "CurseCharges2SpecialValue2": false,
    "CurseCharges2SpecialValueGlobal": false,
    "CurseCharges3": 0,
    "CurseCharges3SpecialValue1": false,
    "CurseCharges3SpecialValue2": false,
    "CurseCharges3SpecialValueGlobal": false,
    "CurseSelf": "",
    "CurseSelf2": "",
    "CurseSelf3": "",
    "Damage": 0,
    "DamageSpecialValue1": false,
    "DamageSpecialValue2": false,
    "DamageSpecialValueGlobal": false,
    "Damage2": 0,
    "Damage2SpecialValue1": false,
    "Damage2SpecialValue2": false,
    "Damage2SpecialValueGlobal": false,
    "DamageEnergyBonus": 0,
    "DamageSelf": 0,
    "DamageSelf2": 0,
    "DamageSides": 0,
    "DamageSides2": 0,
    "DamageType": "None",
    "DamageType2": "None",
    "Description": "<sy>Every 3 rounds</sy>,<br>at your turn reduce the cost of a random <sy>\"Song\" </sy> of your hand by <sy>1</sy>.",
    "DescriptionID": "",
    "medsCustomDescription": "",
    "DiscardCard": 0,
    "DiscardCardAutomatic": false,
    "DiscardCardPlace": "Discard",
    "DiscardCardType": "None",
    "DiscardCardTypeAux": [],
    "DispelAuras": 0,
    "DrawCard": 0,
    "DrawCardSpecialValueGlobal": false,
    "EffectCastCenter": false,
    "EffectCaster": "",
    "EffectCasterRepeat": false,
    "EffectPostCastDelay": 0,
    "EffectPostTargetDelay": 0,
    "EffectPreAction": "",
    "EffectRepeat": 1,
    "EffectRepeatDelay": 0,
    "EffectRepeatEnergyBonus": 0,
    "EffectRepeatMaxBonus": 0,
    "EffectRepeatModificator": 0,
    "EffectRepeatTarget": "Same",
    "EffectRequired": "",
    "EffectTarget": "",
    "EffectTrail": "",
    "EffectTrailAngle": "Horizontal",
    "EffectTrailRepeat": false,
    "EffectTrailSpeed": 1,
    "EndTurn": false,
    "EnergyCost": 0,
    "EnergyCostForShow": 0,
    "EnergyRecharge": 0,
    "EnergyRechargeSpecialValueGlobal": false,
    "EnergyReductionPermanent": 0,
    "EnergyReductionTemporal": 0,
    "EnergyReductionToZeroPermanent": false,
    "EnergyReductionToZeroTemporal": false,
    "ExhaustCounter": 0,
    "FlipSprite": false,
    "Fluff": "",
    "FluffPercent": 0,
    "GoldGainQuantity": 0,
    "Heal": 0,
    "HealAuraCurseName": "",
    "HealAuraCurseName2": "",
    "HealAuraCurseName3": "",
    "HealAuraCurseName4": "",
    "HealAuraCurseSelf": "",
    "HealCurses": 0,
    "HealEnergyBonus": 0,
    "HealSelf": 0,
    "HealSelfPerDamageDonePercent": 0,
    "HealSelfSpecialValue1": false,
    "HealSelfSpecialValue2": false,
    "HealSelfSpecialValueGlobal": false,
    "HealSides": 0,
    "HealSpecialValue1": false,
    "HealSpecialValue2": false,
    "HealSpecialValueGlobal": false,
    "ID": "jinglebellrare",
    "IgnoreBlock": false,
    "IgnoreBlock2": false,
    "IncreaseAuras": 0,
    "IncreaseCurses": 0,
    "Innate": false,
    "IsPetAttack": false,
    "IsPetCast": false,
    "Item": "{\n    \"ACG1MultiplyByEnergyUsed\": false,\n    \"ACG2MultiplyByEnergyUsed\": false,\n    \"ACG3MultiplyByEnergyUsed\": false,\n    \"Activation\": \"BeginTurnCardsDealt\",\n    \"ActivationOnlyOnHeroes\": false,\n    \"AuraCurseBonus1\": \"\",\n    \"AuraCurseBonus2\": \"\",\n    \"AuraCurseBonusValue1\": 0,\n    \"AuraCurseBonusValue2\": 0,\n    \"AuraCurseCustomAC\": \"\",\n    \"AuraCurseCustomModValue1\": 0,\n    \"AuraCurseCustomModValue2\": 0,\n    \"AuraCurseCustomString\": \"\",\n    \"AuraCurseGain1\": \"\",\n    \"AuraCurseGain2\": \"\",\n    \"AuraCurseGain3\": \"\",\n    \"AuraCurseGainValue1\": 0,\n    \"AuraCurseGainValue2\": 0,\n    \"AuraCurseGainValue3\": 0,\n    \"AuraCurseGainSelf1\": \"\",\n    \"AuraCurseGainSelf2\": \"\",\n    \"AuraCurseGainSelfValue1\": 0,\n    \"AuraCurseGainSelfValue2\": 0,\n    \"AuraCurseImmune1\": \"\",\n    \"AuraCurseImmune2\": \"\",\n    \"AuraCurseNumForOneEvent\": 0,\n    \"AuraCurseSetted\": \"\",\n    \"CardNum\": 0,\n    \"CardPlace\": \"Discard\",\n    \"CardsReduced\": 1,\n    \"CardToGain\": \"\",\n    \"CardToGainList\": [],\n    \"CardToGainType\": \"None\",\n    \"CardToReduceType\": \"Song\",\n    \"CastedCardType\": \"None\",\n    \"CastEnchantmentOnFinishSelfCast\": false,\n    \"ChanceToDispel\": 0,\n    \"ChanceToDispelNum\": 0,\n    \"CharacterStatModified\": \"None\",\n    \"CharacterStatModified2\": \"None\",\n    \"CharacterStatModified3\": \"None\",\n    \"CharacterStatModifiedValue\": 0,\n    \"CharacterStatModifiedValue2\": 0,\n    \"CharacterStatModifiedValue3\": 0,\n    \"CostReducePermanent\": false,\n    \"CostReduceReduction\": 1,\n    \"CostReduceEnergyRequirement\": 0,\n    \"CostReduction\": 0,\n    \"CostZero\": false,\n    \"CursedItem\": false,\n    \"DamageFlatBonus\": \"None\",\n    \"DamageFlatBonus2\": \"None\",\n    \"DamageFlatBonus3\": \"None\",\n    \"DamageFlatBonusValue\": 0,\n    \"DamageFlatBonusValue2\": 0,\n    \"DamageFlatBonusValue3\": 0,\n    \"DamagePercentBonus\": \"None\",\n    \"DamagePercentBonus2\": \"None\",\n    \"DamagePercentBonus3\": \"None\",\n    \"DamagePercentBonusValue\": 0.0,\n    \"DamagePercentBonusValue2\": 0.0,\n    \"DamagePercentBonusValue3\": 0.0,\n    \"DamageToTarget\": 0,\n    \"DamageToTargetType\": \"None\",\n    \"DestroyAfterUse\": false,\n    \"DestroyAfterUses\": 0,\n    \"DestroyEndOfTurn\": false,\n    \"DestroyStartOfTurn\": false,\n    \"DrawCards\": 0,\n    \"DrawMultiplyByEnergyUsed\": false,\n    \"DropOnly\": true,\n    \"DTTMultiplyByEnergyUsed\": false,\n    \"DuplicateActive\": false,\n    \"EffectCaster\": \"\",\n    \"EffectItemOwner\": \"\",\n    \"EffectTarget\": \"songself\",\n    \"EffectCasterDelay\": 0.0,\n    \"EffectTargetDelay\": 0.0,\n    \"EmptyHand\": false,\n    \"EnergyQuantity\": 0,\n    \"ExactRound\": 0,\n    \"HealFlatBonus\": 0,\n    \"HealPercentBonus\": 0.0,\n    \"HealPercentQuantity\": 0,\n    \"HealPercentQuantitySelf\": 0,\n    \"HealQuantity\": 0,\n    \"HealReceivedFlatBonus\": 0,\n    \"HealReceivedPercentBonus\": 0.0,\n    \"ID\": \"jinglebellrare\",\n    \"IsEnchantment\": false,\n    \"ItemSound\": \"\",\n    \"ItemTarget\": \"Self\",\n    \"LowerOrEqualPercentHP\": 100.0,\n    \"MaxHealth\": 0,\n    \"ModifiedDamageType\": \"None\",\n    \"NotShowCharacterBonus\": false,\n    \"OnlyAddItemToNPCs\": false,\n    \"PassSingleAndCharacterRolls\": false,\n    \"PercentDiscountShop\": 0,\n    \"PercentRetentionEndGame\": 0,\n    \"Permanent\": false,\n    \"QuestItem\": false,\n    \"ReduceHighestCost\": true,\n    \"ResistModified1\": \"All\",\n    \"ResistModified2\": \"None\",\n    \"ResistModified3\": \"None\",\n    \"ResistModifiedValue1\": 7,\n    \"ResistModifiedValue2\": 0,\n    \"ResistModifiedValue3\": 0,\n    \"RoundCycle\": 2,\n    \"SpriteBossDrop\": \"\",\n    \"TimesPerCombat\": 0,\n    \"TimesPerTurn\": 0,\n    \"UsedEnergy\": false,\n    \"UseTheNextInsteadWhenYouPlay\": false,\n    \"Vanish\": false\n}",
    "ItemEnchantment": "",
    "KillPet": false,
    "Lazy": false,
    "LookCards": 0,
    "LookCardsDiscardUpTo": 0,
    "LookCardsVanishUpTo": 0,
    "MaxInDeck": 0,
    "ModifiedByTrait": false,
    "MoveToCenter": false,
    "OnlyInWeekly": false,
    "PetFront": true,
    "PetInvert": true,
    "PetModel": "",
    "PetOffset": "(0.00, 0.00)",
    "PetSize": "(1.00, 1.00)",
    "Playable": false,
    "PullTarget": 0,
    "PushTarget": 0,
    "ReduceAuras": 0,
    "ReduceCurses": 0,
    "RelatedCard": "",
    "RelatedCard2": "",
    "RelatedCard3": "",
    "SelfHealthLoss": 0,
    "SelfHealthLossSpecialGlobal": false,
    "SelfHealthLossSpecialValue1": false,
    "SelfHealthLossSpecialValue2": false,
    "SelfKillHiddenSeconds": 0,
    "ShardsGainQuantity": 0,
    "ShowInTome": true,
    "Sku": "",
    "Sound": "",
    "SoundPreAction": "",
    "SoundPreActionFemale": "",
    "SpecialAuraCurseName1": "",
    "SpecialAuraCurseName2": "",
    "SpecialAuraCurseNameGlobal": "",
    "SpecialValue1": "None",
    "SpecialValue2": "None",
    "SpecialValueGlobal": "None",
    "SpecialValueModifier1": 0,
    "SpecialValueModifier2": 0,
    "SpecialValueModifierGlobal": 0,
    "Sprite": "jinglebell",
    "Starter": false,
    "StealAuras": 0,
    "SummonAura": "",
    "SummonAura2": "",
    "SummonAura3": "",
    "SummonAuraCharges": 0,
    "SummonAuraCharges2": 0,
    "SummonAuraCharges3": 0,
    "SummonUnit": "",
    "SummonUnitNum": 0,
    "TargetPosition": "Anywhere",
    "TargetSide": "Enemy",
    "TargetType": "Single",
    "TransferCurses": 0,
    "UpgradedFrom": "jinglebell",
    "UpgradesTo1": "",
    "UpgradesTo2": "",
    "UpgradesToRare": "",
    "Vanish": false,
    "Visible": false
}