{
    "Name": "Binbin Balances - Small Weapons",
    "Author": "Binbin",
    "Description": "QoL improvements for Small Weapons cards.",
    "Version": "1.0",
    "Date": 20250105,
    "Link": "https://thunderstore.io/c/across-the-obelisk/p/Binbin/Unofficial_AtO_Balance_Patch/",
    "Dependencies": [
		"stiffmeds-Obeliskial_Content-1.3.0"
    ],
    "ContentFolder": "Binbin Balances - Small Weapons",
    "Priority": 100,
    "Type": [
        "card",
        "sprite"
    ],
    "Comment": "Any additional comments.",
    "Enabled": true
}